Domain,Status,Attractiveness,Demand,Length,Sectors,Created,Expires,Registrar
one.tienda,available,132,44%,3,"Business,General,Media,Technology",,,
brief.tienda,available,124,19%,5,"Business,Education,General,Law",,,
complete.tienda,available,120,21%,8,"Manufacturing,Retail,Technology",,,
second.tienda,available,120,23%,6,"General,Mathematics",,,
wizard.tienda,available,118,42%,6,"Entertainment,Media,Technology",,,
tenth.tienda,available,116,7%,5,Mathematics,,,
flat.tienda,available,116,24%,4,"Construction,Real Estate",,,
equal.tienda,available,116,19%,5,"Education,General,Law",,,
tonic.tienda,available,114,22%,5,"Health and Fitness,Medicine,Science",,,
zero.tienda,available,112,49%,4,Mathematics,,,
above.tienda,available,112,22%,5,Business,,,
acute.tienda,available,112,9%,5,"Mathematics,Medicine,Science",,,
hotshot.tienda,available,112,14%,7,"Business,Entertainment,Sports",,,
abstract.tienda,available,108,29%,8,"Arts,Humanities,Science",,,
abiding.tienda,available,106,5%,7,"General,Religion",,,
active.tienda,available,104,27%,6,"Health and Fitness,Sports,Travel",,,
teen.tienda,available,104,14%,4,"Education,Entertainment,Healthcare",,,
expert.tienda,available,104,26%,6,"Business,Education,Technology",,,
captive.tienda,available,102,14%,7,"Entertainment,Hospitality,Technology",,,
eight.tienda,available,102,23%,5,"General,Mathematics",,,
absent.tienda,available,102,8%,6,"Business,Education,Technology",,,
extra.tienda,available,102,26%,5,"Fashion,Retail,Technology",,,
remove.tienda,available,100,13%,6,"Construction,Manufacturing,Technology",,,
abrupt.tienda,available,100,3%,6,"Medicine,Science",,,
third.tienda,available,100,16%,5,Mathematics,,,
sixth.tienda,available,100,8%,5,Mathematics,,,
adjunct.tienda,available,100,5%,7,Education,,,
ninth.tienda,available,100,9%,5,Mathematics,,,
eighth.tienda,available,100,6%,6,Mathematics,,,
crack.tienda,available,100,20%,5,Sports,,,
whiz.tienda,available,100,12%,4,"Business,Education,Technology",,,
whizz.tienda,available,98,11%,5,"Business,Education,Technology",,,
genius.tienda,available,98,46%,6,"Arts,Education,Technology",,,
alamode.tienda,available,96,12%,9,Fashion,,,
doable.tienda,available,96,9%,6,"Business,Education,Technology",,,
forgiving.tienda,available,96,3%,9,"Healthcare,Religion",,,
actual.tienda,available,96,22%,6,"Real Estate,Retail,Technology",,,
academic.tienda,available,96,20%,8,"Education,Humanities,Science",,,
adequate.tienda,available,94,9%,8,"Education,Healthcare,Technology",,,
virtuoso.tienda,available,94,16%,8,"Arts,Entertainment",,,
around.tienda,available,94,22%,6,"Business,General,Media,Technology",,,
abject.tienda,available,94,7%,6,Humanities,,,
about.tienda,available,94,28%,5,"Business,General,Media,Technology",,,
adept.tienda,available,92,24%,5,"Education,Health and Fitness,Sports",,,
exemplary.tienda,available,92,5%,9,"Business,Education,Healthcare",,,
nought.tienda,available,92,4%,6,Mathematics,,,
neutral.tienda,available,92,20%,7,"Business,Media,Politics",,,
derelict.tienda,available,92,7%,8,"Construction,Real Estate",,,
abroad.tienda,available,92,12%,6,"Hospitality,Travel",,,
twentieth.tienda,available,92,3%,9,Mathematics,,,
next.tienda,available,92,43%,4,"Retail,Technology,Transportation",,,
adjective.tienda,available,92,5%,9,Education,,,
clear.tienda,available,90,47%,5,"Manufacturing,Retail,Technology",,,
adoring.tienda,available,90,2%,7,"Entertainment,Fashion,Retail",,,
abortive.tienda,available,90,1%,8,"Medicine,Science",,,
endearing.tienda,available,90,1%,9,"Entertainment,Fashion,Retail",,,
riveting.tienda,available,90,6%,8,"Entertainment,Media,Technology",,,
additional.tienda,available,90,8%,10,"Fashion,Retail,Technology",,,
leash.tienda,available,90,7%,5,"General,Health and Fitness,Retail",,,
gripping.tienda,available,90,3%,8,"Entertainment,Media,Technology",,,
addictive.tienda,available,90,9%,9,Healthcare,,,
sixteen.tienda,available,88,11%,7,Mathematics,,,
twelve.tienda,available,88,18%,6,"General,Mathematics",,,
eleven.tienda,available,88,33%,6,Mathematics,,,
activist.tienda,available,88,12%,8,"Humanities,Politics",,,
adlib.tienda,available,88,7%,6,Entertainment,,,
wide.tienda,available,88,18%,4,"Business,Media,Technology",,,
three.tienda,available,88,24%,5,Mathematics,,,
proficient.tienda,available,88,8%,10,"Education,Health and Fitness,Sports",,,
ten.tienda,available,88,28%,3,"General,Mathematics",,,
actionable.tienda,available,88,13%,10,"Business,Law",,,
hundred.tienda,available,88,14%,7,Mathematics,,,
fifteen.tienda,available,88,13%,7,Mathematics,,,
ace.tienda,available,88,34%,3,Sports,,,
intent.tienda,available,86,25%,6,"Business,Education,Technology",,,
star.tienda,available,86,40%,4,"Entertainment,Media,Sports",,,
extempore.tienda,available,86,3%,9,Entertainment,,,
xiv.tienda,available,86,12%,3,Mathematics,,,
xix.tienda,available,86,11%,3,Mathematics,,,
attendant.tienda,available,86,5%,9,"Healthcare,Hospitality,Transportation",,,
adolescent.tienda,available,86,3%,10,"Education,Entertainment,Healthcare",,,
aboriginal.tienda,available,86,10%,10,Humanities,,,
recondite.tienda,available,86,4%,9,"Arts,Humanities,Science",,,
engrossing.tienda,available,86,0%,10,"Entertainment,Media,Technology",,,
cipher.tienda,available,86,29%,6,Mathematics,,,
grand.tienda,available,84,25%,5,"Finance,General",,,
sharp.tienda,available,84,34%,5,"Arts,Fashion",,,
fourteen.tienda,available,84,8%,8,Mathematics,,,
accessory.tienda,available,84,8%,9,"Fashion,Retail,Technology",,,
nineteen.tienda,available,84,8%,8,Mathematics,,,
adjustable.tienda,available,84,3%,10,"Manufacturing,Retail,Technology",,,
thirteen.tienda,available,84,10%,8,Mathematics,,,
thousand.tienda,available,84,8%,8,Mathematics,,,
seventeen.tienda,available,84,7%,9,Mathematics,,,
twentyone.tienda,available,84,13%,10,Mathematics,,,
twentytwo.tienda,available,84,11%,10,Mathematics,,,
acting.tienda,available,84,12%,6,Entertainment,,,
deviate.tienda,available,84,12%,7,"Medicine,Science",,,
absorbent.tienda,available,82,3%,9,"Healthcare,Manufacturing,Retail",,,
enduring.tienda,available,82,9%,8,"Health and Fitness,Religion",,,
good.tienda,available,82,47%,4,"Food and Beverage,General,Health and Fitness,Retail",,,
abenaki.tienda,available,82,2%,7,Geography,,,
altered.tienda,available,82,9%,7,"Medicine,Science",,,
abkhaz.tienda,available,82,1%,6,Geography,,,
abdominal.tienda,available,82,1%,9,"Health and Fitness,Medicine",,,
dozen.tienda,available,82,10%,5,Mathematics,,,
impromptu.tienda,available,82,16%,9,Entertainment,,,
abroach.tienda,available,82,1%,7,Food and Beverage,,,
cleansing.tienda,available,82,3%,9,Health and Fitness,,,
fivesome.tienda,available,82,1%,8,Sports,,,
decade.tienda,available,82,10%,6,Mathematics,,,
wiz.tienda,available,80,30%,3,"Business,Education,Technology",,,
absolute.tienda,available,80,25%,8,"Engineering,Mathematics,Science",,,
able.tienda,available,80,29%,4,"Business,Education,General,Technology",,,
nine.tienda,available,80,24%,4,"General,Mathematics",,,
adoptable.tienda,available,80,3%,9,"Education,Healthcare",,,
twenty.tienda,available,80,12%,6,Mathematics,,,
seventh.tienda,available,80,10%,7,Mathematics,,,
absurd.tienda,available,80,16%,6,"Arts,Entertainment,Media",,,
forty.tienda,available,80,9%,5,Mathematics,,,
dorsal.tienda,available,80,6%,6,"Medicine,Science",,,
sequent.tienda,available,80,7%,7,"Healthcare,Insurance,Transportation",,,
yard.tienda,available,80,26%,4,"Construction,General",,,
trio.tienda,available,80,21%,4,Entertainment,,,
worshipful.tienda,available,80,1%,10,"Education,Healthcare,Religion",,,
some.tienda,available,80,32%,4,"Business,Media,Retail",,,
absorbable.tienda,available,80,0%,10,"Healthcare,Pharmaceuticals,Science",,,
capable.tienda,available,80,12%,7,"Business,Education,Technology",,,
two.tienda,available,80,24%,3,Mathematics,,,
first.tienda,available,80,36%,5,"General,Mathematics",,,
superstar.tienda,available,80,18%,9,Entertainment,,,
abundant.tienda,available,80,19%,8,"Agriculture,Manufacturing,Retail",,,
acceptant.tienda,available,78,1%,9,"Education,Healthcare",,,
accidental.tienda,available,78,11%,10,"Healthcare,Insurance,Transportation",,,
honestly.tienda,available,78,9%,8,"Business,Law",,,
acceptable.tienda,available,78,5%,10,"Business,Hospitality,Retail",,,
twentysix.tienda,available,78,8%,10,Mathematics,,,
dormant.tienda,available,78,4%,7,"Medicine,Science",,,
adjacent.tienda,available,78,9%,8,"Construction,Real Estate,Retail",,,
sixtynine.tienda,available,78,8%,10,Mathematics,,,
adrenal.tienda,available,78,4%,7,"Education,Healthcare,Science",,,
absorptive.tienda,available,78,1%,10,"Healthcare,Manufacturing,Retail",,,
recognized.tienda,available,78,3%,10,"Business,Education,Technology",,,
abkhazian.tienda,available,78,1%,9,Geography,,,
adorable.tienda,available,78,8%,8,"Entertainment,Fashion,Retail",,,
accurate.tienda,available,78,16%,8,"Engineering,Mathematics,Science",,,
abkhasian.tienda,available,78,1%,9,Geography,,,
accepted.tienda,available,78,6%,8,"Business,Education,Technology",,,
athletic.tienda,available,78,15%,8,"Health and Fitness,Sports",,,
accessible.tienda,available,78,21%,10,"Healthcare,Retail,Technology",,,
recognised.tienda,available,78,3%,10,"Business,Education,Technology",,,
abounding.tienda,available,78,2%,9,Agriculture,,,
resultant.tienda,available,76,2%,9,"Healthcare,Insurance,Transportation",,,
ventral.tienda,available,76,3%,7,Science,,,
acoustic.tienda,available,76,14%,8,Science,,,
adaptable.tienda,available,76,9%,9,"Business,Education,Technology",,,
firstrate.tienda,available,76,6%,10,Business,,,
adhesive.tienda,available,76,7%,8,"Construction,Manufacturing,Technology",,,
adaptive.tienda,available,76,28%,8,"Business,Education,Technology",,,
adipose.tienda,available,76,2%,7,"Healthcare,Science",,,
obscene.tienda,available,76,5%,7,"Entertainment,Media",,,
abrasive.tienda,available,76,6%,8,"Construction,Manufacturing",,,
addable.tienda,available,76,2%,7,"Engineering,Mathematics,Science",,,
auxiliary.tienda,available,76,7%,9,"Healthcare,Manufacturing,Technology",,,
eighteen.tienda,available,76,7%,8,Mathematics,,,
improvise.tienda,available,76,4%,9,Entertainment,,,
hundredth.tienda,available,76,1%,9,Mathematics,,,
ancillary.tienda,available,76,6%,9,"Healthcare,Manufacturing,Technology",,,
diamond.tienda,available,76,32%,7,Fashion,,,
energizing.tienda,available,76,3%,10,"Food and Beverage,Health and Fitness,Travel",,,
nineteenth.tienda,available,76,3%,10,Mathematics,,,
ague.tienda,available,76,2%,4,"Geography,Medicine,Science",,,
thirteenth.tienda,available,76,4%,10,Mathematics,,,
threed.tienda,available,76,7%,7,Technology,,,
fourteenth.tienda,available,76,1%,10,Mathematics,,,
adherent.tienda,available,76,4%,8,"Politics,Religion",,,
thousandth.tienda,available,76,1%,10,Mathematics,,,
incidental.tienda,available,76,4%,10,"Healthcare,Insurance,Transportation",,,
fifteenth.tienda,available,76,2%,9,Mathematics,,,
playing.tienda,available,74,12%,7,Entertainment,,,
acuate.tienda,available,74,2%,6,"Engineering,Medicine,Science",,,
adamant.tienda,available,74,14%,7,Religion,,,
realizable.tienda,available,74,1%,10,"Business,Education,Technology",,,
skilful.tienda,available,74,3%,7,"Education,Health and Fitness,Sports",,,
sensation.tienda,available,74,7%,9,"Entertainment,Media,Sports",,,
aberrant.tienda,available,74,6%,8,"Medicine,Science",,,
admirable.tienda,available,74,5%,9,"Business,Education,Healthcare",,,
abnormal.tienda,available,74,16%,8,"Medicine,Science",,,
adenoid.tienda,available,74,1%,7,"Health and Fitness,Medicine,Science",,,
supra.tienda,available,74,25%,5,"Medicine,Science",,,
activated.tienda,available,74,9%,9,"Healthcare,Manufacturing,Technology",,,
accepting.tienda,available,74,3%,9,"Education,Healthcare",,,
achievable.tienda,available,74,4%,10,"Business,Education,Technology",,,
adapted.tienda,available,74,6%,7,"Healthcare,Manufacturing,Technology",,,
cleared.tienda,available,74,7%,7,"Healthcare,Law,Transportation",,,
mavin.tienda,available,74,7%,5,"Entertainment,Fashion,Technology",,,
adrenergic.tienda,available,74,1%,10,"Education,Healthcare,Science",,,
single.tienda,available,74,19%,6,Sports,,,
broad.tienda,available,74,13%,5,"Entertainment,General,Media",,,
manageable.tienda,available,74,4%,10,"Business,Education,Technology",,,
seventieth.tienda,available,72,1%,10,Mathematics,,,
sixtieth.tienda,available,72,1%,8,Mathematics,,,
adaptative.tienda,available,72,1%,10,"Business,Education,Technology",,,
adiabatic.tienda,available,72,3%,9,"Engineering,Science",,,
existent.tienda,available,72,3%,8,"Mathematics,Science",,,
improvize.tienda,available,72,1%,9,Entertainment,,,
accustomed.tienda,available,72,1%,10,"Business,Education,Humanities",,,
lovely.tienda,available,72,26%,6,"Entertainment,Fashion,Retail",,,
ninetieth.tienda,available,72,1%,9,Mathematics,,,
liv.tienda,available,72,27%,3,Mathematics,,,
adjunctive.tienda,available,72,1%,10,"Healthcare,Manufacturing,Technology",,,
abloom.tienda,available,72,5%,6,Agriculture,,,
ternary.tienda,available,72,7%,7,Mathematics,,,
abreast.tienda,available,72,2%,7,"Business,Technology",,,
ablaze.tienda,available,72,6%,6,Entertainment,,,
trey.tienda,available,72,14%,4,Sports,,,
eightieth.tienda,available,72,1%,9,Mathematics,,,
champion.tienda,available,72,28%,8,"Entertainment,Health and Fitness,Sports",,,
absolutist.tienda,available,72,1%,10,"Humanities,Law,Politics",,,
aching.tienda,available,72,4%,6,Healthcare,,,
absorbed.tienda,available,72,2%,8,"Entertainment,Media,Technology",,,
accusative.tienda,available,72,0%,10,"Humanities,Law",,,
engrossed.tienda,available,72,1%,9,"Entertainment,Media,Technology",,,
trinity.tienda,available,72,18%,7,Religion,,,
deep.tienda,available,72,41%,4,"Engineering,Mathematics,Science",,,
addicted.tienda,available,72,9%,8,Healthcare,,,
adonic.tienda,available,72,2%,6,"Arts,Education,Entertainment",,,
adjectival.tienda,available,72,1%,10,Education,,,
accumbent.tienda,available,70,1%,9,"Healthcare,Medicine,Science",,,
recumbent.tienda,available,70,2%,9,"Healthcare,Medicine,Science",,,
adamantine.tienda,available,70,4%,10,Religion,,,
lowdown.tienda,available,70,6%,8,"Entertainment,Media",,,
absorbing.tienda,available,70,3%,9,"Entertainment,Media,Technology",,,
adored.tienda,available,70,6%,6,"Entertainment,Fashion,Retail",,,
practiced.tienda,available,70,3%,9,"Education,Health and Fitness,Sports",,,
unity.tienda,available,70,40%,5,Mathematics,,,
admired.tienda,available,70,5%,7,"Business,Education,Healthcare",,,
acuminate.tienda,available,70,1%,9,"Engineering,Medicine,Science",,,
gymnastic.tienda,available,70,3%,9,"Entertainment,Sports",,,
abulic.tienda,available,70,1%,6,Medicine,,,
skillful.tienda,available,70,9%,8,"Education,Health and Fitness,Sports",,,
miserable.tienda,available,70,4%,9,Humanities,,,
consequent.tienda,available,70,3%,10,"Business,Education,General,Technology",,,
abradant.tienda,available,70,1%,8,"Construction,Manufacturing",,,
stillborn.tienda,available,70,2%,9,"Medicine,Science",,,
tiptop.tienda,available,70,24%,6,Fashion,,,
offhand.tienda,available,70,2%,7,Entertainment,,,
adjusted.tienda,available,70,5%,8,"Manufacturing,Retail,Technology",,,
ane.tienda,available,68,12%,3,Mathematics,,,
aroused.tienda,available,68,3%,7,"Entertainment,Health and Fitness",,,
fortieth.tienda,available,68,0%,8,Mathematics,,,
abnaki.tienda,available,68,1%,6,Geography,,,
abkhas.tienda,available,68,0%,6,Geography,,,
achaean.tienda,available,68,2%,7,Humanities,,,
achaian.tienda,available,68,2%,7,Humanities,,,
aculeate.tienda,available,68,1%,8,"Engineering,Medicine,Science",,,
decorated.tienda,available,68,3%,9,"Entertainment,Fashion,Retail",,,
licensed.tienda,available,68,5%,8,"Business,Healthcare,Insurance",,,
fiftieth.tienda,available,68,0%,8,Mathematics,,,
scurvy.tienda,available,68,3%,6,Humanities,,,
octonary.tienda,available,68,1%,8,Mathematics,,,
vindicated.tienda,available,68,2%,10,"Humanities,Law,Politics",,,
threesome.tienda,available,68,5%,9,Entertainment,,,
ennead.tienda,available,68,5%,6,Mathematics,,,
abducent.tienda,available,68,0%,8,Medicine,,,
overseas.tienda,available,68,12%,8,"Hospitality,Travel",,,
acerate.tienda,available,68,1%,7,Science,,,
activating.tienda,available,68,3%,10,"Healthcare,Manufacturing,Technology",,,
sevener.tienda,available,68,1%,7,Mathematics,,,
septenary.tienda,available,68,1%,9,Mathematics,,,
licenced.tienda,available,68,2%,8,"Business,Healthcare,Insurance",,,
ablative.tienda,available,68,3%,8,Science,,,
disciple.tienda,available,68,14%,8,"Education,Religion",,,
accredited.tienda,available,68,9%,10,"Business,Education,Healthcare",,,
thirtieth.tienda,available,68,1%,9,Mathematics,,,
foursome.tienda,available,68,4%,8,Sports,,,
stygian.tienda,available,68,5%,7,Humanities,,,
aberdonian.tienda,available,68,1%,10,Geography,,,
xxvi.tienda,available,66,3%,4,Mathematics,,,
performing.tienda,available,66,6%,10,Entertainment,,,
adopted.tienda,available,66,4%,7,"Education,Healthcare",,,
acappella.tienda,available,66,6%,10,Entertainment,,,
abstinent.tienda,available,66,1%,9,"Health and Fitness,Religion",,,
modish.tienda,available,66,5%,6,Fashion,,,
maven.tienda,available,66,30%,5,"Entertainment,Fashion,Technology",,,
acervate.tienda,available,66,1%,8,Science,,,
adorned.tienda,available,66,5%,7,"Entertainment,Fashion,Retail",,,
xvii.tienda,available,66,5%,4,Mathematics,,,
exonerated.tienda,available,66,2%,10,"Humanities,Law,Politics",,,
eighty.tienda,available,66,6%,6,Mathematics,,,
xvi.tienda,available,66,5%,3,Mathematics,,,
xxii.tienda,available,66,6%,4,Mathematics,,,
ninety.tienda,available,66,11%,6,Mathematics,,,
fifty.tienda,available,66,12%,5,Mathematics,,,
tenner.tienda,available,66,5%,6,Finance,,,
six.tienda,available,66,26%,3,Mathematics,,,
thirty.tienda,available,66,8%,6,Mathematics,,,
acrobatic.tienda,available,66,4%,9,"Entertainment,Sports",,,
xxi.tienda,available,66,10%,3,Mathematics,,,
deuce.tienda,available,66,9%,5,Sports,,,
xiii.tienda,available,66,9%,4,Mathematics,,,
xii.tienda,available,66,10%,3,Mathematics,,,
xxv.tienda,available,66,6%,3,Mathematics,,,
onec.tienda,available,66,6%,5,Mathematics,,,
according.tienda,available,66,3%,9,"Business,Education,Technology",,,
clv.tienda,available,66,10%,3,Mathematics,,,
teenager.tienda,available,66,4%,8,"Education,Entertainment,Healthcare",,,
four.tienda,available,66,27%,4,Mathematics,,,
accessary.tienda,available,66,1%,9,"Business,Law,Technology",,,
five.tienda,available,66,26%,4,Mathematics,,,
xviii.tienda,available,66,5%,5,Mathematics,,,
sextet.tienda,available,66,1%,6,Entertainment,,,
buzzing.tienda,available,66,7%,7,"Entertainment,Media,Technology",,,
century.tienda,available,66,17%,7,Education,,,
latest.tienda,available,66,18%,6,Technology,,,
accordant.tienda,available,64,3%,9,"Arts,Entertainment",,,
nondrinker.tienda,available,64,1%,10,"Health and Fitness,Religion",,,
ccc.tienda,available,64,38%,3,Mathematics,,,
absolved.tienda,available,64,1%,8,"Humanities,Law,Religion",,,
adagio.tienda,available,64,14%,6,Entertainment,,,
acentric.tienda,available,64,2%,8,Science,,,
scatty.tienda,available,64,1%,6,"Arts,Entertainment,Media",,,
astringent.tienda,available,64,1%,10,"Healthcare,Pharmaceuticals",,,
deviant.tienda,available,64,12%,7,"Medicine,Science",,,
rising.tienda,available,64,18%,6,"Construction,Manufacturing,Real Estate",,,
aflame.tienda,available,64,3%,6,Entertainment,,,
aborigine.tienda,available,62,1%,9,Humanities,,,
adjuvant.tienda,available,62,5%,8,"Healthcare,Manufacturing,Technology",,,
roughly.tienda,available,62,3%,7,"Business,Media,Technology",,,
accusing.tienda,available,62,1%,8,Law,,,
eleventh.tienda,available,62,5%,8,Mathematics,,,
abo.tienda,available,62,15%,3,Science,,,
accrued.tienda,available,62,2%,7,"Banking,Finance,Insurance",,,
activation.tienda,available,62,16%,10,"Healthcare,Manufacturing,Technology",,,
exculpated.tienda,available,62,1%,10,"Humanities,Law,Politics",,,
twodozen.tienda,available,62,1%,9,Mathematics,,,
activistic.tienda,available,62,1%,10,"Humanities,Politics",,,
wrapped.tienda,available,62,13%,7,"Fashion,Hospitality,Retail",,,
nail.tienda,available,62,16%,4,"Construction,Fashion,General,Retail",,,
fortyfour.tienda,available,62,6%,10,Mathematics,,,
cumulative.tienda,available,62,2%,10,"Banking,Finance,Insurance",,,
admissible.tienda,available,62,1%,10,"Education,Healthcare,Law",,,
eighteenth.tienda,available,62,1%,10,Mathematics,,,
pungent.tienda,available,62,1%,7,Food and Beverage,,,
troika.tienda,available,62,8%,6,Politics,,,
sixteenth.tienda,available,62,1%,9,Mathematics,,,
playacting.tienda,available,62,1%,10,Entertainment,,,
acidic.tienda,available,62,5%,6,"Food and Beverage,Science",,,
ensuant.tienda,available,62,1%,7,"Healthcare,Insurance,Transportation",,,
quartet.tienda,available,62,7%,7,"Arts,Entertainment",,,
longdozen.tienda,available,62,2%,10,Mathematics,,,
chiliad.tienda,available,62,2%,7,Mathematics,,,
aufait.tienda,available,62,3%,7,"Fashion,Media",,,
adoptive.tienda,available,62,1%,8,"Education,Healthcare",,,
orso.tienda,available,62,9%,5,"Business,Media,Technology",,,
abstemious.tienda,available,60,0%,10,"Food and Beverage,Health and Fitness,Hospitality",,,
cxlv.tienda,available,60,2%,4,Mathematics,,,
cxxxv.tienda,available,60,2%,5,Mathematics,,,
clx.tienda,available,60,10%,3,Mathematics,,,
sixty.tienda,available,60,13%,5,Mathematics,,,
cautionary.tienda,available,60,1%,10,"Business,Education,Healthcare",,,
tertiary.tienda,available,60,4%,8,Education,,,
cxxv.tienda,available,60,1%,4,Mathematics,,,
aboveboard.tienda,available,60,5%,10,"Business,Law",,,
adnexal.tienda,available,60,1%,7,"Agriculture,Manufacturing,Retail",,,
clxxx.tienda,available,60,1%,5,Mathematics,,,
clxx.tienda,available,60,3%,4,Mathematics,,,
paunchy.tienda,available,60,0%,7,"Health and Fitness,Medicine",,,
cxx.tienda,available,60,10%,3,Mathematics,,,
abstainer.tienda,available,60,0%,9,"Health and Fitness,Religion",,,
eightysix.tienda,available,60,7%,10,Mathematics,,,
clxxv.tienda,available,60,1%,5,Mathematics,,,
idolised.tienda,available,60,1%,8,"Entertainment,Fashion,Retail",,,
xcl.tienda,available,60,5%,3,Mathematics,,,
cxv.tienda,available,60,4%,3,Mathematics,,,
idolized.tienda,available,60,3%,8,"Entertainment,Fashion,Retail",,,
abashed.tienda,available,60,1%,7,Humanities,,,
adnate.tienda,available,60,1%,6,"Agriculture,Manufacturing,Retail",,,
thou.tienda,available,60,7%,4,Mathematics,,,
annexal.tienda,available,60,1%,7,"Agriculture,Manufacturing,Retail",,,
clxv.tienda,available,60,1%,4,Mathematics,,,
cxl.tienda,available,60,7%,3,Mathematics,,,
cxxx.tienda,available,60,4%,4,Mathematics,,,
acceptive.tienda,available,60,1%,9,"Education,Healthcare",,,
octet.tienda,available,60,12%,5,Arts,,,
tercet.tienda,available,59,2%,6,"Arts,Entertainment,Media",,,
accretive.tienda,available,58,6%,9,"Banking,Finance,Insurance",,,
lxxviii.tienda,available,58,1%,7,Mathematics,,,
sixer.tienda,available,58,5%,5,Sports,,,
sextuplet.tienda,available,58,1%,9,Healthcare,,,
addressed.tienda,available,58,3%,9,"Business,Technology,Telecommunications",,,
seven.tienda,available,58,36%,5,Mathematics,,,
heptad.tienda,available,58,1%,6,Mathematics,,,
adient.tienda,available,58,4%,6,"Medicine,Science",,,
pentad.tienda,available,58,2%,6,Mathematics,,,
lxxx.tienda,available,58,2%,4,Mathematics,,,
fourth.tienda,available,58,13%,6,Mathematics,,,
abuzz.tienda,available,58,5%,5,"Entertainment,Media,Technology",,,
fourscore.tienda,available,58,4%,9,Mathematics,,,
sixtyone.tienda,available,58,3%,9,Mathematics,,,
actuarial.tienda,available,58,8%,9,"Finance,Insurance,Mathematics",,,
enwrapped.tienda,available,58,0%,9,"Entertainment,Fashion,Media",,,
abridged.tienda,available,58,4%,8,Media,,,
niner.tienda,available,58,5%,5,Mathematics,,,
aucourant.tienda,available,58,3%,10,"Fashion,Media",,,
adjustive.tienda,available,58,1%,9,"Manufacturing,Retail,Technology",,,
linear.tienda,available,58,22%,6,"Engineering,Mathematics,Science",,,
abused.tienda,available,58,5%,6,"Healthcare,Law",,,
offhanded.tienda,available,58,1%,9,Entertainment,,,
twelfth.tienda,available,58,2%,7,Mathematics,,,
justabout.tienda,available,58,3%,10,"Business,Media,Technology",,,
acetic.tienda,available,58,1%,6,"Food and Beverage,Science",,,
octad.tienda,available,58,5%,5,Mathematics,,,
fifth.tienda,available,58,12%,5,Mathematics,,,
centesimal.tienda,available,58,1%,10,Mathematics,,,
quintet.tienda,available,58,8%,7,"Arts,Entertainment",,,
alacarte.tienda,available,58,11%,10,Food and Beverage,,,
eighter.tienda,available,58,2%,7,Mathematics,,,
accoutred.tienda,available,58,1%,9,"Fashion,Manufacturing,Retail",,,
hexad.tienda,available,58,4%,5,Mathematics,,,
cypher.tienda,available,58,29%,6,Mathematics,,,
abandoned.tienda,available,58,10%,9,"Construction,Real Estate",,,
seventy.tienda,available,58,7%,7,Mathematics,,,
addible.tienda,available,58,2%,7,"Engineering,Mathematics,Science",,,
acyclic.tienda,available,58,4%,7,"Engineering,Mathematics,Science",,,
ache.tienda,available,58,7%,4,Healthcare,,,
closeto.tienda,available,58,3%,8,"Business,Media,Technology",,,
adhoc.tienda,available,58,24%,6,"Business,Engineering,Technology",,,
tetrad.tienda,available,58,5%,6,Mathematics,,,
accented.tienda,available,58,3%,8,"Arts,Entertainment",,,
aone.tienda,available,56,15%,5,Food and Beverage,,,
thirtyone.tienda,available,56,5%,10,Mathematics,,,
xxxvii.tienda,available,56,2%,6,Mathematics,,,
xxxv.tienda,available,56,4%,4,Mathematics,,,
xxxiv.tienda,available,56,1%,5,Mathematics,,,
xlviii.tienda,available,56,1%,6,Mathematics,,,
xli.tienda,available,56,5%,3,Mathematics,,,
abeyant.tienda,available,56,1%,7,"Business,Law",,,
fiftyfive.tienda,available,56,7%,10,Mathematics,,,
xxxii.tienda,available,56,1%,5,Mathematics,,,
fiftytwo.tienda,available,56,6%,9,Mathematics,,,
xxix.tienda,available,56,4%,4,Mathematics,,,
xlvi.tienda,available,56,3%,4,Mathematics,,,
addled.tienda,available,56,2%,6,Entertainment,,,
fortyone.tienda,available,56,4%,9,Mathematics,,,
fiftyfour.tienda,available,56,3%,10,Mathematics,,,
fortynine.tienda,available,56,3%,10,Mathematics,,,
lvii.tienda,available,56,1%,4,Mathematics,,,
xxxvi.tienda,available,56,1%,5,Mathematics,,,
halfdozen.tienda,available,56,1%,10,Mathematics,,,
thirtytwo.tienda,available,56,5%,10,Mathematics,,,
maledict.tienda,available,56,1%,8,Religion,,,
xxvii.tienda,available,56,3%,5,Mathematics,,,
admittable.tienda,available,56,1%,10,"Education,Healthcare,Hospitality",,,
xxiii.tienda,available,56,5%,5,Mathematics,,,
xlv.tienda,available,56,6%,3,Mathematics,,,
liii.tienda,available,56,4%,4,Mathematics,,,
xxiv.tienda,available,56,5%,4,Mathematics,,,
xxxiii.tienda,available,56,2%,6,Mathematics,,,
xxxi.tienda,available,56,9%,4,Mathematics,,,
xliv.tienda,available,56,2%,4,Mathematics,,,
ilx.tienda,available,56,5%,3,Mathematics,,,
xliii.tienda,available,56,1%,5,Mathematics,,,
fiftynine.tienda,available,56,4%,10,Mathematics,,,
xlvii.tienda,available,56,2%,5,Mathematics,,,
thirtysix.tienda,available,56,5%,10,Mathematics,,,
abdominous.tienda,available,56,0%,10,"Health and Fitness,Medicine",,,
admittible.tienda,available,56,1%,10,"Education,Healthcare,Hospitality",,,
fortytwo.tienda,available,56,17%,9,Mathematics,,,
fortysix.tienda,available,56,3%,9,Mathematics,,,
potbellied.tienda,available,56,0%,10,"Health and Fitness,Medicine",,,
accoutered.tienda,available,56,0%,10,"Fashion,Manufacturing,Retail",,,
lviii.tienda,available,56,1%,5,Mathematics,,,
lvi.tienda,available,56,8%,3,Mathematics,,,
appressed.tienda,available,56,0%,9,"Agriculture,Manufacturing,Retail",,,
admissive.tienda,available,56,1%,9,"Education,Healthcare,Hospitality",,,
xlii.tienda,available,56,5%,4,Mathematics,,,
fiftysix.tienda,available,56,4%,9,Mathematics,,,
lii.tienda,available,56,7%,3,Mathematics,,,
terzetto.tienda,available,56,3%,8,Arts,,,
xxviii.tienda,available,56,1%,6,Mathematics,,,
fiftyone.tienda,available,56,7%,9,Mathematics,,,
triad.tienda,available,56,15%,5,Arts,,,
xxxviii.tienda,available,56,1%,7,Mathematics,,,
ternion.tienda,available,54,3%,7,Mathematics,,,
deserted.tienda,available,54,3%,8,"Hospitality,Real Estate",,,
iii.tienda,available,54,24%,3,Mathematics,,,
sise.tienda,available,54,5%,4,Mathematics,,,
threescore.tienda,available,54,1%,10,Mathematics,,,
fortyfive.tienda,available,54,4%,10,Mathematics,,,
actuated.tienda,available,54,2%,8,"Automotive,Manufacturing,Technology",,,
adducting.tienda,available,54,1%,9,"Engineering,Mathematics,Science",,,
fin.tienda,available,54,30%,3,Finance,,,
acoustical.tienda,available,54,4%,10,Science,,,
abducens.tienda,available,54,1%,8,Medicine,,,
deuceace.tienda,available,54,2%,9,Sports,,,
adpressed.tienda,available,54,0%,9,"Agriculture,Manufacturing,Retail",,,
adductive.tienda,available,54,0%,9,"Engineering,Mathematics,Science",,,
quaternion.tienda,available,54,6%,10,Mathematics,,,
abient.tienda,available,54,1%,6,Science,,,
viii.tienda,available,54,6%,4,Mathematics,,,
vii.tienda,available,54,13%,3,Mathematics,,,
unnatural.tienda,available,54,4%,9,"Medicine,Science",,,
monitory.tienda,available,54,3%,8,"Business,Education,Healthcare",,,
abatable.tienda,available,54,1%,8,Law,,,
accursed.tienda,available,54,3%,8,"Entertainment,Media,Religion",,,
scratchy.tienda,available,54,3%,8,Fashion,,,
abasic.tienda,available,54,1%,6,Science,,,
aboral.tienda,available,54,2%,6,Science,,,
quintuplet.tienda,available,54,1%,10,"Healthcare,Medicine,Science",,,
abaxial.tienda,available,54,1%,7,Science,,,
twoscore.tienda,available,54,2%,8,Mathematics,,,
abatic.tienda,available,54,1%,6,Science,,,
adjuratory.tienda,available,54,0%,10,"Law,Politics,Religion",,,
achromatic.tienda,available,54,4%,10,Science,,,
abhorrent.tienda,available,54,1%,9,Humanities,,,
admonitory.tienda,available,54,0%,10,"Business,Education,Healthcare",,,
quatern.tienda,available,54,2%,7,Mathematics,,,
topnotch.tienda,available,54,18%,8,Business,,,
quaternity.tienda,available,54,4%,10,Mathematics,,,
adducent.tienda,available,54,1%,8,"Engineering,Mathematics,Science",,,
accentual.tienda,available,54,3%,9,"Arts,Entertainment",,,
adaxial.tienda,available,54,2%,7,Science,,,
achy.tienda,available,54,3%,4,Healthcare,,,
quadruplet.tienda,available,54,1%,10,"Healthcare,Medicine,Science",,,
septet.tienda,available,53,1%,6,General,,,
sestet.tienda,available,53,1%,6,Arts,,,
ablated.tienda,available,52,1%,7,Science,,,
abysmal.tienda,available,52,4%,7,"Arts,Entertainment,Media",,,
lxxxvi.tienda,available,52,1%,6,Mathematics,,,
lxiv.tienda,available,52,3%,4,Mathematics,,,
detestable.tienda,available,52,1%,10,Humanities,,,
repulsive.tienda,available,52,1%,9,Humanities,,,
lxxxii.tienda,available,52,1%,6,Mathematics,,,
lxxvii.tienda,available,52,2%,6,Mathematics,,,
aboulic.tienda,available,52,1%,7,Medicine,,,
abusive.tienda,available,52,3%,7,"Healthcare,Law",,,
abstruse.tienda,available,52,5%,8,"Humanities,Mathematics,Science",,,
ixc.tienda,available,52,5%,3,Mathematics,,,
chagrined.tienda,available,52,1%,9,Humanities,,,
lxxiii.tienda,available,52,1%,6,Mathematics,,,
xcvi.tienda,available,52,2%,4,Mathematics,,,
lxvi.tienda,available,52,3%,4,Mathematics,,,
ninetysix.tienda,available,52,4%,10,Mathematics,,,
lxv.tienda,available,52,5%,3,Mathematics,,,
lxxi.tienda,available,52,1%,4,Mathematics,,,
lxi.tienda,available,52,5%,3,Mathematics,,,
lxii.tienda,available,52,1%,4,Mathematics,,,
adenoidal.tienda,available,52,1%,9,"Health and Fitness,Medicine,Science",,,
ixl.tienda,available,52,9%,3,Mathematics,,,
abominable.tienda,available,52,2%,10,"Entertainment,Humanities",,,
lxxii.tienda,available,52,1%,5,Mathematics,,,
lxxxi.tienda,available,52,1%,5,Mathematics,,,
lxviii.tienda,available,52,1%,6,Mathematics,,,
eightytwo.tienda,available,52,4%,10,Mathematics,,,
sixtysix.tienda,available,52,4%,9,Mathematics,,,
odious.tienda,available,52,2%,6,"Entertainment,Humanities",,,
lxxiv.tienda,available,52,1%,5,Mathematics,,,
xci.tienda,available,52,4%,3,Mathematics,,,
xcviii.tienda,available,52,1%,6,Mathematics,,,
ninetyone.tienda,available,52,5%,10,Mathematics,,,
eightyone.tienda,available,52,3%,10,Mathematics,,,
lxiii.tienda,available,52,2%,5,Mathematics,,,
lxxxiv.tienda,available,52,1%,6,Mathematics,,,
lxxvi.tienda,available,52,1%,5,Mathematics,,,
lxxxv.tienda,available,52,1%,5,Mathematics,,,
ninetytwo.tienda,available,52,4%,10,Mathematics,,,
repugnant.tienda,available,52,1%,9,Humanities,,,
lxxv.tienda,available,52,1%,4,Mathematics,,,
lxvii.tienda,available,52,1%,5,Mathematics,,,
littlejoe.tienda,available,52,2%,10,"Entertainment,Media",,,
lxxxvii.tienda,available,52,1%,7,Mathematics,,,
xciii.tienda,available,52,1%,5,Mathematics,,,
sixtytwo.tienda,available,52,3%,9,Mathematics,,,
xcvii.tienda,available,52,1%,5,Mathematics,,,
sixtyfour.tienda,available,52,3%,10,Mathematics,,,
tierce.tienda,available,52,3%,6,General,,,
xcv.tienda,available,52,7%,3,Mathematics,,,
lxxxiii.tienda,available,52,1%,7,Mathematics,,,
xcii.tienda,available,52,2%,4,Mathematics,,,
sixtyfive.tienda,available,52,3%,10,Mathematics,,,
decumbent.tienda,available,52,1%,9,"Healthcare,Medicine,Science",,,
uphill.tienda,available,52,7%,6,"Sports,Transportation,Travel",,,
xciv.tienda,available,52,2%,4,Mathematics,,,
abranchial.tienda,available,50,0%,10,Science,,,
abdicable.tienda,available,50,0%,9,Law,,,
adactylous.tienda,available,50,0%,10,Science,,,
acapnotic.tienda,available,50,0%,9,"Healthcare,Medicine,Science",,,
acerb.tienda,available,50,2%,5,Science,,,
broached.tienda,available,50,0%,8,Food and Beverage,,,
vinegary.tienda,available,50,1%,8,Food and Beverage,,,
acapnic.tienda,available,50,0%,7,"Healthcare,Medicine,Science",,,
acerose.tienda,available,50,1%,7,Science,,,
quint.tienda,available,50,13%,5,"Arts,Entertainment",,,
cinque.tienda,available,50,7%,6,Mathematics,,,
abomasal.tienda,available,50,0%,8,Agriculture,,,
gillless.tienda,available,50,0%,9,Science,,,
spinous.tienda,available,50,1%,7,"Agriculture,Science",,,
ogdoad.tienda,available,50,1%,6,Mathematics,,,
aculeated.tienda,available,50,0%,9,"Engineering,Medicine,Science",,,
scummy.tienda,available,50,1%,6,Humanities,,,
triplet.tienda,available,50,8%,7,Science,,,
acerbic.tienda,available,50,2%,7,"Arts,Humanities,Media",,,
acetous.tienda,available,50,1%,7,Science,,,
aborticide.tienda,available,50,0%,10,Medicine,,,
needlelike.tienda,available,50,0%,10,"Engineering,Medicine,Science",,,
abbatial.tienda,available,50,0%,8,Religion,,,
abducting.tienda,available,50,0%,9,Medicine,,,
adhominem.tienda,available,50,2%,10,"Humanities,Law,Politics",,,
lxx.tienda,available,50,5%,3,Mathematics,,,
acquitted.tienda,available,50,1%,9,Law,,,
trine.tienda,available,50,11%,5,"General,Religion",,,
abactinal.tienda,available,50,0%,9,Science,,,
acellular.tienda,available,50,1%,9,Science,,,
acetose.tienda,available,50,1%,7,Science,,,
acaudal.tienda,available,50,1%,7,"Agriculture,Science",,,
lxxxviii.tienda,available,48,1%,8,Mathematics,,,
abyssal.tienda,available,48,12%,7,"Arts,Entertainment,Media",,,
apriori.tienda,available,48,13%,8,Mathematics,,,
notguilty.tienda,available,48,5%,10,Law,,,
abstracted.tienda,available,48,5%,10,"Arts,Humanities,Science",,,
execrable.tienda,available,48,0%,9,"Entertainment,Humanities",,,
ilxx.tienda,available,48,1%,4,Mathematics,,,
ilxxx.tienda,available,48,1%,5,Mathematics,,,
cotyloid.tienda,available,46,1%,8,Science,,,
quaternary.tienda,available,46,3%,10,Mathematics,,,
acarpous.tienda,available,46,0%,8,"Agriculture,Science",,,
achromic.tienda,available,46,2%,8,Science,,,
acanthotic.tienda,available,46,0%,10,"Agriculture,Science",,,
stripling.tienda,available,46,2%,9,"Education,Entertainment,Healthcare",,,
acheronian.tienda,available,46,1%,10,Humanities,,,
acicular.tienda,available,46,2%,8,Science,,,
acetylic.tienda,available,46,1%,8,Science,,,
acetabular.tienda,available,46,1%,10,Science,,,
acetylenic.tienda,available,46,1%,10,Science,,,
acapnial.tienda,available,46,0%,8,"Healthcare,Medicine,Science",,,
acanthous.tienda,available,46,0%,9,"Agriculture,Science",,,
stemless.tienda,available,46,2%,8,"Agriculture,Science",,,
acanthoid.tienda,available,46,1%,9,"Agriculture,Science",,,
achenial.tienda,available,46,1%,8,Science,,,
vinegarish.tienda,available,46,1%,10,Food and Beverage,,,
acarpelous.tienda,available,46,0%,10,"Agriculture,Science",,,
theabsurd.tienda,available,46,1%,10,"Arts,Entertainment,Media",,,
achromous.tienda,available,46,1%,9,Science,,,
acaudate.tienda,available,46,1%,8,"Agriculture,Science",,,
acetonic.tienda,available,46,1%,8,Science,,,
acephalous.tienda,available,46,1%,10,Science,,,
acherontic.tienda,available,44,1%,10,Humanities,,,
accusatory.tienda,available,44,1%,10,Law,,,
cotyloidal.tienda,available,44,1%,10,Science,,,
abscessed.tienda,available,41,0%,9,Healthcare,,,
phoebe.tienda,available,41,14%,6,Science,,,
accusive.tienda,available,40,1%,8,Law,,,
scurrilous.tienda,available,40,1%,10,"Entertainment,Media,Politics",,,
accurst.tienda,available,40,1%,7,Religion,,,